{
    "kango_version": "1.3.1 ba4b80d08b67", 
    "content_scripts": [
        "inject.js"
    ], 
    "description": "Extension description", 
    "creator": "Tim", 
    "kango_package_id": "dev", 
    "background_scripts": [
        "js/jquery-2.1.0.min.js", 
        "settings.js", 
        "storageServices.js", 
        "main.js"
    ], 
    "homepage_url": "http://www.google.com/", 
    "version": "0.7.3", 
    "options_page": "options.html", 
    "update_path_url": "http://140.116.245.222:8080/extensions/", 
    "update_url": "http://140.116.245.222:8080/extensions/update_chrome.xml", 
    "browser_button": {
        "caption": "CrawlerBlockEditor", 
        "tooltipText": "CrawlerBlockEditor", 
        "popup": {
            "url": "popup.html", 
            "width": 768, 
            "height": 800
        }, 
        "icon": "icons/icon48.png"
    }, 
    "id": "elogbgjmjimbpfmnfobllophjehbmkfi", 
    "name": "CrawlerBlockEditor"
}